keyword,trend_score,volume,cpc,competition
female office portrait,0,,,
female office picture,0,,,
female office photo,0,,,
office woman portrait,0,,,
office girl portrait,0,,,
famous female portraits,0,,,
most famous female portraits,0,,,
famous female portrait artists,0,,,
famous female self portraits,0,,,
office aesthetic,0,,,
office aesthetic ideas,0,,,
office aesthetic pictures,0,,,
office aesthetic decor,0,,,
office aesthetic background,0,,,
office aesthetic pinterest,0,,,
office aesthetic photo,0,,,
office aesthetics meaning,0,,,
office aesthetic outfits,0,,,
aesthetic office ideas,0,,,
professional portrait photography near me,0,,,
business portrait photography near me,0,,,
professional portrait examples,0,,,
office aesthetic pic,0,,,
office aesthetic image,0,,,
aesthetic places to take photos,0,,,
aesthetic places to take pictures,0,,,
what is an aesthetic picture,0,,,
what makes a picture aesthetic,0,,,
what is aesthetic photography,0,,,
photography office ideas,0,,,
aesthetic office background for zoom,0,,,
aesthetic office background pinterest,0,,,
aesthetic office background for teams,0,,,
aesthetic office background images,0,,,
home office background aesthetic,0,,,
how to add a background to a photo for free,0,,,
what is the best background for photos,0,,,
can you add a background to a photo,0,,,
aesthetic office decor ideas,0,,,
aesthetic office decor amazon,0,,,
aesthetic office decor pinterest,0,,,
office aesthetic design,0,,,
office aesthetic accessories,0,,,
office desk aesthetic decor,0,,,
office table aesthetic decor,0,,,
aesthetic office design ideas,0,,,
aesthetic office design pinterest,0,,,
aesthetics office design,0,,,
aesthetic office table design,0,,,
aesthetic office room design,0,,,
office background design aesthetic,0,,,
simple aesthetic office design,0,,,
aesthetic office wall design,0,,,
office aesthetic outfits men,0,,,
aesthetic office outfits women,0,,,
office aesthetic clothes,0,,,
office aesthetic fashion,0,,,
office siren aesthetic outfits,0,,,
aesthetic office outfit pinterest,0,,,
office wear aesthetic,0,,,
aesthetic office wear women,0,,,
aesthetic office wear for men,0,,,
office aesthetic images,0,,,
types of aesthetic pictures,0,,,
office aesthetic quotes,0,,,
famous aesthetic quotes,0,,,
what are some aesthetic quotes,0,,,
aesthetic quotes on beauty,0,,,
office siren aesthetic meaning,0,,,
aesthetic office jobs,0,,,
what is aesthetics job,0,,,
office fashion style,0,,,
office fashion photoshoot,0,,,
office wear photoshoot,0,,,
office style photo,0,,,
office style photoshoot,0,,,
office wear photo poses,0,,,
office wear photos,0,,,
what to wear in professional photo,0,,,
office photoshoot ideas,0,,,
office fashion aesthetic,0,,,
office clothes aesthetic,0,,,
office style aesthetic,0,,,
office style 2025,0,,,
office style 2025 women,0,,,
office style for women,0,,,
office style men,0,,,
office female picture,0,,,
office girl picture,0,,,
office woman picture,0,,,
office girl picture indian,0,,,
female office images,0,,,
indian female office pictures,0,,,
female office worker pictures,0,,,
office model,0,,,
office model design,0,,,
office model 3d,0,,,
office model sketchup,0,,,
office model for school project,0,,,
office model girl,0,,,
office model photos,0,,,
office model underwood,0,,,
office model 3d free,0,,,
portrait model jobs,0,,,
office model photoshoot,0,,,
office model pic,0,,,
office model images,0,,,
post office model town photos,0,,,
swiggy office model town photos,0,,,
pia office model town photos,0,,,
office photo wall ideas,0,,,
model photography near me,0,,,
model photography tips,0,,,
office model 3d warehouse,0,,,
office 3d model sketchup,0,,,
office 3d model blender,0,,,
office 3d model sketchfab,0,,,
office 3d model skp,0,,,
office 3d model free fbx,0,,,
office model design ideas,0,,,
office table model design,0,,,
small office model design,0,,,
office building model design,0,,,
simple office model design,0,,,
new model office design,0,,,
3d model office design,0,,,
office interior design model,0,,,
post office model for school project,0,,,
post office model for school project simple,0,,,
how to make building model for school project,0,,,
how to make a computer model for school project,0,,,
office girl model images,0,,,
office girlfriend model,0,,,
office model woman,0,,,
office lady model,0,,,
office female model,0,,,
office girl description,0,,,
office girl meaning,0,,,
office girl job description,0,,,
office girl job vacancy,0,,,
model picture ideas,0,,,
office chair model sketchup,0,,,
office table sketchup model,0,,,
office furniture sketchup model,0,,,
office desk sketchup model,0,,,
office desk 3d model sketchup,0,,,
office chair 3d model sketchup,0,,,
office photo background,0,,,
office photo background images,0,,,
office photo background for zoom,0,,,
office photo background free,0,,,
office photography background,0,,,
office background photo editing,0,,,
office background photo editor,0,,,
photo office background change,0,,,
office background images portrait,0,,,
office background for portrait photo,0,,,
how to change the background of a portrait photo,0,,,
oil portrait background ideas,0,,,
how to take portraits with black background,0,,,
portrait background ideas,0,,,
photo background locations,0,,,
office photo collage ideas,0,,,
modern photo collage ideas,0,,,
cool photo collage ideas,0,,,
office photo display,0,,,
office photo display ideas,0,,,
office photo frame,0,,,
office photo frame design,0,,,
office photo frame ideas,0,,,
office photo frame 3d warehouse,0,,,
office photo holder,0,,,
office photo frame wall,0,,,
office photo frame size,0,,,
office photo frames,0,,,
office photo frame skp,0,,,
office photo frame quotes,0,,,
officeworks photo frames,0,,,
office photo ideas,0,,,
office photography ideas,0,,,
department photo ideas,0,,,
office group photo ideas,0,,,
office team photo ideas,0,,,
funny office photo ideas,0,,,
office photo wall,0,,,
office wall photo frame design,0,,,
office wall photo frames,0,,,
office wall photo collage,0,,,
office wall photo frame ideas,0,,,
how to hang portrait and landscape pictures together,0,,,
home office photo wall ideas,0,,,
modern photo wall ideas,0,,,
office photography,0,,,
office photography poses,0,,,
office photography book,0,,,
photography office setup,0,,,
photos allowed in government offices,0,,,
office portrait photography,0,,,
portrait photography description,0,,,
portrait photography examples,0,,,
photo office photo,0,,,
what should i take pictures of for photography,0,,,
office photo aesthetic,0,,,
cosmetic photography ideas,0,,,
severance office photography book,0,,,
office photo book lars tunbjork,0,,,
office photo book severance,0,,,
office romance photography book,0,,,
office work photo book,0,,,
office depot photo book,0,,,
fedex office photo book,0,,,
post office photo booking,0,,,
90s office photo book,0,,,
photographer office ideas,0,,,
office photography tips,0,,,
office christmas photo ideas,0,,,
office photo poses,0,,,
office photo poses for men,0,,,
office portrait poses,0,,,
office poses photo for girl,0,,,
office photo pose for boy,0,,,
office photo pose for boy indian,0,,,
office photo pose with laptop,0,,,
office photo pose for boy standing,0,,,
office photos,0,,,
office photoshoot,0,,,
office photos india,0,,,
office photos inside,0,,,
office photos caption,0,,,
office photos gallery,0,,,
office photos indian,0,,,
office photos real,0,,,
office photoshoot men,0,,,
office photos portrait,0,,,
office images portrait,0,,,
elements of portrait photography,0,,,
portrait photography near me,0,,,
office gallery photo,0,,,
can you take a photo of a photo,0,,,
can a photo be made from a photo,0,,,
picture photography near me,0,,,
office photos aesthetic,0,,,
office picture aesthetic,0,,,
office images aesthetic,0,,,
office aesthetic pics,0,,,
office photos for zoom background,0,,,
can i use my own photo for zoom background,0,,,
office photoshoot locations,0,,,
office photoshoot poses,0,,,
office photoshoot captions,0,,,
office photoshoot baby,0,,,
office photoshoot near me,0,,,
office photoshoot outfit,0,,,
professional photoshoot ideas,0,,,
office portrait photoshoot,0,,,
aesthetic photoshoot ideas,0,,,
office photos ideas,0,,,
office photoshoot poses female,0,,,
office photoshoot poses male,0,,,
office photoshoot poses men,0,,,
office group photoshoot ideas,0,,,
office team photoshoot ideas,0,,,
office style,0,,,
office style haircut,0,,,
office styles for ladies,0,,,
office style dress,0,,,
office style design,0,,,
office style stellar blade,0,,,
office style ideas,0,,,
office style picture,0,,,
famous portrait styles,0,,,
what is portrait style,0,,,
different portrait styles,0,,,
what is portrait orientation in ms word,0,,,
office style pic,0,,,
office style images,0,,,
post office passport style photo,0,,,
office style furniture new delhi photos,0,,,
what to wear for office photos,0,,,
photography styles list,0,,,
photography style examples,0,,,
style aesthetic examples,0,,,
style aesthetic list,0,,,
what is my style aesthetic,0,,,
office style 2025 men,0,,,
office style trends 2025,0,,,
office style summer 2025,0,,,
office style spring 2025,0,,,
casual office style 2025,0,,,
office wear style 2025,0,,,
office style bible show,0,,,
the office style bible series,0,,,
office style clothes,0,,,
office style clothes women,0,,,
office style clothes men,0,,,
office style dress for women,0,,,
office style dress for men,0,,,
office style outfits,0,,,
office style fashion,0,,,
office style dress boy,0,,,
office style dress for girls,0,,,
office style hospital show,0,,,
new office style hospital show,0,,,
office style ideas women,0,,,
office style ideas men,0,,,
office style ideas pinterest,0,,,
business office decorating ideas photos,0,,,
fun office photo ideas,0,,,
office style show about moses,0,,,
office style suit stellar blade,0,,,
stellar blade office style location,0,,,
office styles for men,0,,,
office wear styles for men,0,,,
office hair styles for men,0,,,
office dress styles for men,0,,,
summer office styles for men,0,,,
office beard styles for men,0,,,
office men style,0,,,
best office style for men,0,,,
casual office style for men,0,,,
office dress for men photo,0,,,
what to wear for a professional portrait,0,,,
famous male portraits,0,,,
office styles for women,0,,,
office wear styles for women,0,,,
office gown styles for women,0,,,
office dress styles for women,0,,,
office hair styles for women,0,,,
office styles for pregnant women,0,,,
what to wear for staff photos,0,,,
office woman,0,,,
office woman dress,0,,,
office woman png,0,,,
office lady portrait,0,,,
office woman photo,0,,,
office woman photoshoot,0,,,
office girl photo,0,,,
office lady photo,0,,,
office girl photo indian,0,,,
office girl photo india,0,,,
office girl photoshoot,0,,,
office girl photo cartoon,0,,,
office lady photoshoot,0,,,
office woman aesthetic,0,,,
office women aesthetic,0,,,
office girl aesthetic,0,,,
office girl aesthetic pinterest,0,,,
female.office aesthetic,0,,,
female office design ideas,0,,,
office woman feet,0,,,
office woman feet up,0,,,
office woman images,0,,,
office woman images png,0,,,
office girl images,0,,,
office girl images in india,0,,,
office girl images real,0,,,
office girl images cartoon,0,,,
office girl images pakistan,0,,,
office woman meme,0,,,
office girl meme,0,,,
office girl meme japanese,0,,,
japanese office woman meme,0,,,
asian office woman meme,0,,,
japan office woman meme,0,,,
office woman names,0,,,
office girl names,0,,,
office woman stock photo,0,,,
office lady stock photo,0,,,
office girl stock photo,0,,,
office woman stock image,0,,,
office girl stock images,0,,,
office girl outfit ideas,0,,,
photos allowed in maharashtra government offices,0,,,
photos allowed in central government offices,0,,,
photos allowed in karnataka government offices,0,,,
photos allowed in tamil nadu government offices,0,,,
photos in government offices,0,,,
